# Name,   Type, SubType, Offset,  Size, Flags
# Upstream gave each app slot 0x140000 and SPIFFS 0x160000. The baseline
# build already used 95.8% of an app slot, and the runtime icon downloader
# is gone, so SPIFFS only has to hold a handful of pre-loaded BMPs. Space
# moved from SPIFFS to the app slots to make room for the mbedTLS
# certificate bundle.
nvs,      data, nvs,     0x9000,  0x5000,
otadata,  data, ota,     0xe000,  0x2000,
app0,     app,  ota_0,   0x10000, 0x1A0000,
app1,     app,  ota_1,   0x1B0000,0x1A0000,
spiffs,   data, spiffs,  0x350000,0xA0000,
coredump, data, coredump,0x3F0000,0x10000,
